,age,job,marital,education,default,balance,housing,loan,day,month,duration,campaign,pdays,previous,poutcome,y
1,33,services,married,secondary,no,4789,yes,yes,11,may,3.67,1,339,4,failure,0
2,35,management,single,tertiary,no,1350,yes,no,16,apr,3.08,1,330,1,failure,0
5,35,management,single,tertiary,no,747,no,no,23,feb,2.35,2,176,3,failure,0
9,43,services,married,primary,no,-88,yes,yes,17,apr,5.22,1,147,2,failure,0
14,31,blue-collar,married,secondary,no,360,yes,yes,29,jan,1.48,1,241,1,failure,0
17,37,admin.,single,tertiary,no,2317,yes,no,20,apr,1.9,1,152,2,failure,0
38,33,management,married,secondary,no,3935,yes,no,6,may,12.75,1,342,2,failure,1
65,51,blue-collar,divorced,secondary,no,203,yes,no,8,may,2.23,1,170,5,failure,0
70,37,management,married,tertiary,no,0,no,no,16,jul,4.47,2,182,3,success,1
79,40,unemployed,married,secondary,no,219,yes,no,17,nov,3.4,2,196,1,failure,0
83,52,services,married,secondary,no,657,no,no,7,jul,6.63,2,460,2,failure,1
97,30,admin.,single,tertiary,no,261,no,no,19,oct,3.88,1,137,20,failure,0
98,36,blue-collar,divorced,secondary,no,2843,no,no,12,feb,7.88,1,182,1,success,0
101,38,management,single,tertiary,no,493,yes,no,11,may,9.22,1,367,7,failure,0
105,32,management,single,tertiary,no,574,yes,no,14,apr,4.32,2,145,3,failure,0
110,21,student,single,secondary,no,2488,no,no,30,jun,4.3,6,169,3,success,1
113,33,blue-collar,single,secondary,no,22,no,no,30,jan,1.27,2,207,1,failure,0
124,51,management,single,tertiary,yes,-55,yes,no,11,may,4.68,2,266,6,failure,0
128,32,blue-collar,single,secondary,no,228,no,no,5,feb,2.93,1,288,3,failure,0
136,29,admin.,single,secondary,no,428,yes,yes,7,may,0.9,1,345,2,failure,0
156,55,admin.,married,secondary,no,602,no,no,1,jun,5.4,3,90,2,success,1
157,55,technician,married,secondary,no,273,yes,no,29,jan,1.4,3,183,3,failure,0
164,28,management,single,tertiary,no,80,no,no,20,oct,11.27,2,146,2,failure,1
177,37,admin.,married,secondary,no,176,yes,no,5,may,2.45,2,347,1,failure,0
179,37,admin.,married,tertiary,no,0,yes,no,17,nov,1.08,2,119,1,failure,0
186,34,admin.,married,tertiary,no,899,yes,no,19,nov,6.28,3,7,4,success,0
188,36,technician,married,secondary,no,23,yes,no,8,may,2.53,2,347,1,failure,0
199,75,retired,married,secondary,no,3771,no,no,15,apr,3.08,1,181,2,success,1
200,34,technician,single,tertiary,no,992,yes,no,4,may,5.02,1,88,2,success,0
202,35,technician,single,tertiary,no,2658,yes,no,19,aug,12.8,2,141,3,failure,1
203,39,management,divorced,tertiary,no,1315,yes,no,19,nov,22.28,4,126,1,failure,0
207,29,technician,married,secondary,no,1599,yes,no,8,jul,1.92,1,61,1,failure,0
208,38,services,single,secondary,no,-196,yes,no,2,feb,1.0,1,271,1,failure,0
217,30,blue-collar,married,secondary,no,975,yes,no,13,may,4.27,2,351,2,failure,0
232,44,technician,single,secondary,no,33,yes,no,13,may,3.25,3,351,10,failure,0
233,45,blue-collar,single,secondary,no,0,yes,no,26,jul,12.8,2,91,5,success,0
249,43,technician,married,secondary,no,0,no,yes,8,may,0.15,2,172,5,failure,0
253,58,retired,married,primary,no,3401,yes,no,3,feb,1.4,3,265,2,failure,0
264,58,technician,married,tertiary,no,883,no,no,18,aug,9.05,1,78,2,failure,0
270,40,services,married,secondary,no,0,yes,no,2,jun,4.95,1,28,3,failure,0
276,35,housemaid,married,tertiary,no,11219,no,no,12,aug,11.65,2,79,1,failure,0
289,34,admin.,married,tertiary,no,69,no,yes,4,aug,2.0,3,1,6,success,1
301,65,retired,divorced,primary,no,1840,no,no,1,jun,6.38,2,188,5,failure,0
310,49,blue-collar,married,secondary,no,8545,yes,yes,6,may,3.32,7,167,1,failure,0
314,25,admin.,single,tertiary,no,760,yes,no,27,may,3.72,3,89,2,failure,1
318,35,entrepreneur,married,secondary,no,2971,no,no,4,may,7.15,4,164,2,failure,1
323,38,management,married,tertiary,no,1199,no,no,4,aug,2.97,1,1,1,success,1
325,33,technician,married,secondary,no,6699,no,no,9,nov,7.08,1,462,1,failure,0
328,35,unemployed,married,secondary,no,978,no,no,29,dec,22.83,3,209,3,success,1
337,33,management,single,tertiary,no,1410,yes,no,5,feb,0.13,1,254,5,failure,0
338,63,retired,married,primary,no,1084,no,no,14,oct,3.35,1,183,1,success,0
340,41,management,married,tertiary,no,832,yes,yes,21,nov,2.73,1,176,1,failure,0
345,36,blue-collar,single,secondary,no,219,yes,yes,11,may,4.5,2,347,1,failure,0
347,55,management,married,primary,no,2587,no,no,4,sep,5.47,2,94,2,success,1
349,47,self-employed,married,tertiary,no,2303,yes,no,6,may,5.38,2,364,1,failure,0
353,50,management,married,tertiary,no,4,no,no,17,nov,3.72,1,96,2,failure,0
354,29,management,married,tertiary,no,318,yes,no,18,may,23.9,2,356,4,failure,0
367,32,management,single,tertiary,no,8436,yes,no,17,apr,4.08,1,149,2,failure,0
374,42,admin.,married,secondary,no,-396,yes,no,11,may,1.33,1,308,4,failure,0
375,30,services,single,secondary,no,0,yes,no,18,may,2.18,6,363,9,failure,0
377,37,management,married,tertiary,no,393,yes,no,14,may,9.45,3,275,4,failure,1
380,39,blue-collar,married,secondary,no,0,yes,no,30,apr,0.88,1,325,1,failure,0
383,37,services,married,secondary,no,1328,yes,no,13,may,2.02,2,341,4,failure,0
394,33,blue-collar,married,secondary,no,43,yes,no,14,may,5.53,2,358,2,failure,0
397,37,technician,single,tertiary,no,6101,no,no,4,may,1.0,5,87,1,success,0
408,44,management,married,secondary,no,438,yes,no,8,may,0.62,3,303,1,failure,0
409,54,admin.,married,secondary,no,0,no,no,28,jan,2.68,1,98,2,failure,1
412,75,retired,divorced,tertiary,no,3810,yes,no,16,nov,4.37,1,183,1,failure,1
421,37,management,married,tertiary,no,502,yes,no,7,may,9.18,1,351,1,failure,0
423,37,management,single,tertiary,no,876,yes,no,15,apr,2.33,4,327,2,failure,0
433,43,blue-collar,married,secondary,no,130,no,no,5,may,2.6,1,337,3,failure,0
459,43,management,divorced,tertiary,no,36,no,no,26,may,1.97,1,102,2,failure,0
464,32,blue-collar,married,secondary,no,889,yes,no,10,sep,3.08,1,99,5,success,1
465,59,housemaid,married,secondary,no,0,no,no,3,feb,12.03,1,99,4,failure,0
477,77,retired,married,tertiary,no,7802,no,no,4,may,7.02,1,92,2,success,1
482,40,technician,married,secondary,no,694,yes,no,4,feb,1.62,4,196,5,failure,0
492,53,admin.,married,secondary,no,1796,no,no,16,mar,4.92,1,91,2,success,1
496,50,housemaid,married,secondary,no,7317,yes,no,13,may,2.87,1,370,1,failure,0
510,38,blue-collar,married,secondary,no,121,yes,yes,6,feb,2.8,1,212,2,failure,0
512,52,technician,married,secondary,no,195,yes,no,18,feb,3.67,1,63,5,failure,1
515,45,unemployed,divorced,primary,no,757,no,no,20,apr,1.72,1,325,4,failure,0
522,43,admin.,divorced,secondary,no,738,yes,no,21,nov,9.75,4,191,4,failure,0
528,43,services,married,primary,no,2567,yes,no,14,may,1.82,1,360,2,failure,0
540,47,admin.,single,secondary,no,3696,no,no,12,jul,4.17,2,181,4,success,1
552,63,retired,married,secondary,no,2747,no,no,11,sep,1.88,1,80,1,failure,0
555,37,admin.,married,secondary,no,1314,yes,no,8,may,11.37,2,85,7,success,0
563,50,technician,married,secondary,no,2497,yes,no,21,nov,0.58,1,176,1,failure,0
565,40,technician,married,secondary,no,56,yes,yes,29,jan,3.23,1,247,1,failure,0
572,53,management,married,tertiary,no,1319,yes,no,16,apr,7.12,1,150,1,failure,0
579,33,technician,single,tertiary,no,696,no,yes,5,feb,3.22,1,176,8,failure,0
596,47,housemaid,married,primary,no,201,yes,no,7,aug,0.97,2,382,1,failure,0
614,39,technician,married,tertiary,no,1161,yes,no,9,apr,3.93,1,336,1,failure,0
619,35,technician,married,tertiary,no,7050,no,no,11,aug,3.7,3,182,4,success,1
623,40,management,single,tertiary,no,1509,no,no,12,may,5.55,1,58,3,failure,0
629,59,management,married,tertiary,no,2764,no,no,24,dec,3.95,1,206,2,failure,0
631,33,technician,married,tertiary,no,8023,no,no,30,nov,1.78,1,105,3,failure,0
647,46,management,divorced,tertiary,no,6269,yes,no,18,nov,4.15,3,112,2,failure,0
649,60,management,married,primary,no,252,yes,yes,13,apr,2.05,2,147,3,failure,0
651,27,entrepreneur,single,tertiary,no,81,no,no,5,feb,3.28,1,199,3,failure,0
657,64,retired,married,primary,no,43,no,no,11,mar,1.95,1,91,1,success,0
658,47,technician,married,secondary,no,57,no,no,5,may,4.22,1,342,1,success,0
665,54,technician,married,secondary,no,0,no,no,16,nov,16.43,1,94,8,failure,0
667,55,management,married,primary,no,621,no,yes,2,feb,1.9,1,208,1,failure,0
671,44,technician,married,secondary,no,310,yes,no,6,feb,3.33,1,253,1,failure,0
684,28,services,single,secondary,no,168,no,no,1,jun,5.78,3,140,2,success,1
685,46,services,married,secondary,no,1550,yes,no,16,apr,2.1,2,149,8,failure,0
699,35,entrepreneur,married,tertiary,no,0,no,no,5,may,1.23,1,168,4,failure,0
713,25,student,single,secondary,no,1790,no,no,17,apr,3.73,1,322,3,failure,0
718,40,blue-collar,married,secondary,no,498,yes,no,8,may,0.92,2,298,4,failure,0
731,48,blue-collar,married,primary,no,1092,no,yes,18,nov,1.32,1,172,8,failure,0
738,36,technician,single,secondary,no,1855,yes,no,4,feb,1.25,1,273,1,failure,0
764,28,services,married,secondary,no,0,yes,no,5,may,5.58,2,281,8,failure,0
765,37,management,divorced,secondary,no,414,no,no,29,jan,4.88,2,162,4,failure,0
769,52,management,married,tertiary,no,1944,yes,no,15,apr,3.97,3,323,2,failure,0
776,28,technician,single,secondary,no,3,no,no,18,may,0.67,8,349,6,failure,0
801,30,blue-collar,single,secondary,no,445,yes,no,16,apr,3.63,1,330,2,failure,0
802,40,management,married,secondary,no,643,yes,no,17,apr,1.23,2,256,1,failure,0
804,40,management,married,tertiary,no,-1212,yes,no,15,may,20.98,2,333,18,failure,0
805,41,technician,married,secondary,no,2125,yes,yes,21,nov,4.75,3,116,4,failure,0
821,31,management,single,tertiary,no,112,yes,no,2,feb,2.65,2,271,1,failure,0
843,59,management,single,secondary,no,671,yes,yes,29,jan,3.65,2,259,5,failure,0
855,46,management,divorced,tertiary,no,624,no,no,17,sep,5.6,2,183,2,success,1
857,36,blue-collar,married,secondary,no,-461,no,no,11,may,4.23,2,353,1,failure,0
858,34,technician,single,tertiary,no,144,yes,yes,14,oct,1.73,1,85,19,failure,0
869,56,technician,married,secondary,no,150,yes,yes,11,may,1.7,6,349,1,failure,0
880,26,admin.,single,secondary,no,255,no,no,30,apr,7.62,1,80,1,success,1
881,31,technician,single,secondary,no,102,yes,no,17,apr,7.67,2,345,2,failure,0
883,45,entrepreneur,married,primary,no,58,yes,no,13,may,1.98,3,371,3,failure,0
891,28,management,single,tertiary,no,882,no,yes,29,jan,1.57,1,205,2,failure,0
892,27,student,single,tertiary,no,5291,no,no,12,nov,3.2,2,92,2,failure,1
893,49,management,single,secondary,no,61,yes,no,29,jan,3.08,2,246,1,failure,0
901,30,technician,single,tertiary,no,3,yes,no,6,may,0.75,2,169,2,failure,0
903,34,admin.,married,tertiary,no,35,yes,no,15,oct,1.27,1,69,2,failure,0
913,41,management,married,tertiary,no,-29,no,no,29,jan,0.68,2,266,2,failure,0
926,38,admin.,married,primary,no,3913,yes,no,20,apr,3.27,2,315,2,failure,0
941,34,management,married,tertiary,no,0,yes,no,7,aug,4.37,1,99,2,success,1
942,36,management,married,tertiary,no,222,yes,no,6,may,5.28,1,169,2,failure,0
960,52,technician,married,secondary,no,196,yes,yes,24,feb,1.93,1,273,3,failure,0
967,35,blue-collar,married,secondary,no,6411,yes,yes,30,jan,2.4,1,266,2,failure,0
970,58,self-employed,married,primary,no,1013,yes,no,11,aug,3.43,1,461,1,failure,1
973,37,technician,single,secondary,no,5436,yes,no,6,may,0.12,11,351,1,failure,0
984,59,self-employed,married,tertiary,no,2013,no,no,19,feb,3.7,4,94,2,success,1
997,34,management,single,tertiary,no,673,yes,yes,20,nov,4.52,1,184,1,failure,0
999,20,student,single,secondary,no,291,no,no,11,may,2.87,5,371,5,failure,0
1020,42,technician,married,secondary,no,994,yes,no,11,aug,2.48,1,78,5,failure,1
1040,55,blue-collar,divorced,secondary,no,1613,yes,no,3,apr,4.93,1,270,3,failure,1
1048,34,services,married,secondary,no,1337,no,no,17,dec,5.5,2,127,3,success,1
1056,63,entrepreneur,married,secondary,no,3904,no,no,4,aug,4.17,2,187,2,success,1
1060,48,management,married,tertiary,no,1147,no,no,5,aug,6.48,1,64,2,success,1
1073,30,management,single,tertiary,no,726,yes,no,16,apr,0.65,1,342,3,failure,0
1077,38,admin.,married,tertiary,no,1988,no,no,27,mar,2.73,2,130,2,failure,1
1083,64,housemaid,married,primary,no,768,no,no,15,jul,4.17,2,182,1,success,0
1097,45,management,divorced,tertiary,no,2096,no,no,21,nov,2.12,1,100,2,failure,0
1100,59,management,married,tertiary,no,1831,no,no,17,feb,2.03,1,92,1,failure,0
1104,37,blue-collar,single,primary,no,851,yes,no,15,may,2.52,1,352,1,failure,0
1106,35,blue-collar,married,secondary,no,137,no,yes,4,oct,0.08,1,808,12,failure,0
1109,59,technician,married,secondary,no,1,no,no,15,apr,2.65,2,378,3,failure,1
1112,35,technician,married,secondary,no,2789,yes,no,4,sep,4.27,2,94,1,failure,0
1117,42,technician,single,tertiary,no,-411,yes,no,12,may,1.3,5,292,3,failure,0
1122,32,technician,married,tertiary,no,4089,no,no,26,may,1.9,7,287,3,failure,0
1129,36,management,single,tertiary,no,243,yes,no,7,may,2.67,2,360,3,failure,0
1154,47,admin.,married,secondary,no,1934,no,yes,14,may,3.75,1,364,1,failure,0
1159,31,management,single,tertiary,no,62,yes,no,18,may,2.92,1,293,5,failure,0
1166,32,technician,single,tertiary,no,5514,no,no,22,apr,5.32,1,182,1,success,1
1167,33,blue-collar,married,secondary,no,889,yes,no,18,sep,0.22,1,373,6,success,0
1173,34,technician,single,secondary,no,2729,yes,no,6,apr,15.75,1,139,1,success,0
1176,50,management,married,tertiary,no,-470,yes,no,8,may,8.43,2,170,3,failure,0
1181,34,services,married,secondary,no,1076,no,no,12,may,2.53,1,182,6,success,1
1186,71,technician,married,tertiary,no,383,no,no,27,oct,5.45,2,183,3,success,0
1193,33,blue-collar,single,secondary,no,706,yes,no,7,apr,5.48,1,322,1,failure,0
1194,36,management,married,secondary,no,1825,yes,no,14,may,0.4,1,346,1,failure,0
1195,59,self-employed,married,tertiary,no,185,no,no,22,jun,2.95,5,138,1,failure,0
1209,58,retired,single,secondary,no,1640,no,yes,4,feb,1.2,6,274,4,failure,0
1210,60,admin.,divorced,secondary,no,174,yes,no,15,may,4.02,1,364,1,failure,0
1212,36,management,single,tertiary,no,490,no,no,28,aug,3.45,8,98,1,failure,1
1225,51,blue-collar,married,secondary,no,160,yes,no,7,may,2.27,1,359,1,failure,0
1240,27,services,married,secondary,no,54,yes,no,18,may,1.62,1,370,1,failure,0
1242,35,blue-collar,married,primary,no,298,yes,no,13,may,2.25,2,370,2,failure,0
1279,32,management,married,tertiary,no,913,yes,no,23,jun,14.72,1,674,4,failure,0
1309,31,management,married,secondary,no,625,yes,no,7,apr,7.07,1,138,1,failure,0
1311,51,services,married,secondary,no,867,yes,no,3,feb,2.95,2,211,3,failure,0
1312,80,retired,married,secondary,no,8304,no,no,9,jun,11.87,1,64,12,failure,1
1320,48,management,married,tertiary,no,60,no,no,7,may,6.27,2,339,7,failure,0
1323,46,blue-collar,married,primary,no,91,yes,no,6,may,0.48,1,356,2,failure,0
1324,41,entrepreneur,married,tertiary,no,171,yes,no,19,nov,3.48,1,191,4,failure,0
1327,33,blue-collar,divorced,primary,no,142,yes,no,11,may,0.68,2,300,5,failure,0
1337,40,management,single,tertiary,no,1509,no,no,15,mar,2.4,2,124,1,failure,0
1342,27,admin.,married,secondary,no,710,yes,yes,6,may,10.88,1,334,2,success,1
1345,40,management,divorced,tertiary,no,69,yes,no,6,may,8.38,2,280,2,failure,0
1346,34,admin.,married,secondary,no,1499,yes,no,13,apr,3.1,1,327,2,failure,0
1349,83,retired,married,primary,no,425,no,no,22,jun,14.72,1,140,1,failure,1
1374,45,self-employed,married,secondary,no,706,no,no,30,apr,1.3,2,176,1,success,0
1382,24,admin.,married,secondary,no,299,yes,no,6,may,3.48,1,321,1,failure,0
1386,50,services,married,secondary,no,254,yes,no,15,apr,6.62,2,337,1,failure,0
1387,25,management,single,tertiary,no,553,yes,no,17,sep,1.88,4,479,1,failure,0
1398,34,technician,single,secondary,no,341,no,yes,29,jan,2.27,1,262,3,failure,0
1421,28,admin.,married,secondary,no,-97,yes,no,29,jan,1.32,1,225,2,success,0
1425,36,management,married,tertiary,no,495,no,no,5,aug,2.62,3,97,2,success,1
1437,77,retired,married,tertiary,no,0,no,no,16,oct,14.12,1,60,1,success,1
1442,73,retired,married,primary,no,1388,no,no,20,jul,2.43,3,190,3,success,0
1444,57,technician,divorced,primary,no,13,yes,no,8,may,5.38,2,368,2,failure,0
1457,33,management,married,tertiary,no,3696,no,no,19,nov,5.08,1,182,3,failure,0
1468,38,management,married,tertiary,no,0,yes,no,13,may,8.95,5,303,2,failure,0
1469,59,technician,married,secondary,no,259,no,no,15,jun,6.92,1,89,1,success,1
1478,35,technician,single,tertiary,no,7546,yes,no,28,dec,2.28,1,122,3,failure,0
1482,39,blue-collar,married,secondary,no,0,yes,no,7,may,8.37,1,7,2,failure,0
1485,29,technician,single,secondary,no,113,no,no,12,feb,5.47,2,183,4,success,1
1510,45,technician,married,secondary,no,1415,yes,no,17,nov,8.05,1,116,1,failure,0
1518,32,technician,married,secondary,no,286,no,no,20,apr,1.0,1,343,4,failure,0
1521,38,blue-collar,married,secondary,no,1663,yes,no,13,apr,3.62,3,327,1,failure,0
1535,37,services,married,secondary,no,4760,yes,no,8,may,3.03,2,169,2,failure,0
1541,43,self-employed,married,secondary,no,634,yes,no,17,nov,1.08,1,131,1,failure,0
1547,54,entrepreneur,married,tertiary,no,1544,no,yes,5,feb,1.42,7,196,3,failure,0
1579,37,management,married,tertiary,no,539,no,no,18,jan,9.0,2,115,3,failure,0
1591,70,retired,married,secondary,no,2815,no,no,26,apr,2.08,2,182,1,failure,0
1600,32,management,married,secondary,no,6217,yes,yes,18,nov,8.1,2,181,2,failure,0
1625,36,services,married,secondary,no,1746,yes,no,7,apr,0.25,1,316,1,failure,0
1628,38,technician,married,secondary,no,821,yes,yes,17,nov,3.73,2,180,1,failure,0
1633,59,blue-collar,married,primary,no,699,no,no,28,jan,1.63,1,154,6,failure,0
1634,42,unemployed,divorced,secondary,no,759,no,no,28,jan,1.62,1,169,3,failure,0
1635,33,blue-collar,married,secondary,no,687,yes,no,14,may,1.2,2,370,1,failure,0
1636,53,retired,married,secondary,no,4968,no,no,6,may,1.82,1,87,2,failure,0
1650,36,admin.,divorced,secondary,no,356,yes,no,7,apr,4.07,3,313,1,failure,0
1653,53,blue-collar,married,primary,no,306,no,no,28,jul,6.47,3,181,1,success,1
1666,32,management,married,tertiary,no,4761,yes,no,5,may,2.65,2,350,2,failure,0
1676,40,admin.,married,secondary,no,168,yes,no,7,may,4.15,2,169,1,failure,0
1695,43,admin.,married,secondary,no,132,no,no,19,aug,9.57,1,84,3,success,1
1698,31,management,single,tertiary,no,3283,no,no,2,feb,4.3,1,73,1,failure,1
1703,40,unemployed,divorced,secondary,no,507,yes,no,2,feb,2.23,1,266,7,failure,0
1713,56,blue-collar,married,secondary,no,2190,no,yes,30,jan,1.5,2,232,1,failure,0
1719,48,management,married,secondary,no,4415,yes,no,8,apr,17.2,3,141,7,failure,1
1729,53,admin.,single,secondary,no,2398,yes,no,2,aug,5.28,1,180,2,failure,1
1736,40,admin.,single,secondary,no,100,yes,no,11,aug,3.68,1,461,1,success,1
1748,49,admin.,married,secondary,no,197,yes,no,13,apr,3.72,1,182,2,failure,1
1750,47,housemaid,single,tertiary,no,3232,no,no,6,oct,9.02,1,204,3,failure,0
1754,29,management,single,tertiary,no,1445,no,no,26,apr,5.47,2,143,2,success,1
1760,35,technician,married,secondary,no,0,yes,no,9,nov,8.73,1,96,5,success,1
1764,29,admin.,single,secondary,no,1992,no,no,8,jul,3.37,1,87,2,failure,0
1767,51,management,single,tertiary,no,297,yes,no,15,may,6.92,4,375,1,failure,1
1786,37,services,single,secondary,no,1175,yes,no,15,may,1.7,1,333,2,failure,0
1810,28,blue-collar,married,secondary,no,373,yes,no,14,may,0.17,9,344,1,failure,0
1827,50,management,married,tertiary,no,4374,yes,no,21,nov,2.72,2,113,3,failure,0
1830,36,services,single,secondary,no,774,yes,no,3,feb,3.85,2,259,1,failure,0
1848,38,blue-collar,married,primary,no,2240,yes,no,19,nov,9.18,1,183,1,failure,0
1862,47,blue-collar,married,secondary,no,1230,yes,no,30,apr,6.87,1,169,1,success,1
1868,42,management,married,primary,no,-679,yes,yes,6,may,2.65,1,343,2,failure,0
1871,34,services,divorced,secondary,no,991,yes,no,6,may,1.48,1,344,1,failure,0
1875,30,blue-collar,single,secondary,no,180,no,no,14,jul,3.38,1,183,2,failure,0
1882,34,technician,single,secondary,no,440,yes,no,6,may,7.42,2,345,2,failure,0
1884,39,technician,married,secondary,no,-735,yes,no,30,jan,2.4,5,248,2,failure,0
1886,39,technician,divorced,secondary,no,902,yes,no,10,feb,11.52,2,180,5,failure,1
1905,46,management,married,tertiary,no,273,yes,no,18,mar,15.17,2,184,4,success,1
1910,54,retired,married,secondary,no,1139,yes,no,14,may,2.58,1,177,7,failure,0
1912,54,blue-collar,married,secondary,no,0,no,no,16,apr,22.77,1,150,1,failure,0
1928,22,student,single,primary,no,3472,no,no,20,oct,5.53,1,183,3,failure,1
1933,49,blue-collar,married,primary,no,474,yes,yes,9,feb,2.53,3,221,1,failure,0
1951,46,entrepreneur,single,tertiary,no,1410,yes,no,19,nov,1.55,1,189,8,failure,0
1952,41,admin.,divorced,secondary,no,6046,yes,yes,15,mar,5.0,6,182,2,success,1
1953,36,admin.,single,tertiary,no,980,no,no,11,nov,1.97,4,104,7,failure,0
1956,77,retired,married,primary,no,680,no,no,24,feb,8.55,2,89,7,failure,0
1970,35,technician,married,secondary,no,-259,yes,no,29,jan,6.35,1,247,2,failure,0
1983,34,technician,single,secondary,no,105,yes,no,7,may,2.43,2,171,3,failure,0
1989,45,blue-collar,married,secondary,no,2926,yes,yes,19,nov,8.03,3,120,2,failure,0
2000,28,blue-collar,married,primary,no,60,yes,no,6,may,2.68,1,337,1,failure,0
2002,32,admin.,single,tertiary,no,1583,yes,no,19,nov,1.67,1,182,1,failure,0
2004,28,blue-collar,single,secondary,no,1065,yes,yes,17,apr,6.77,1,317,1,failure,0
2005,51,unemployed,married,secondary,no,-13,yes,no,13,may,6.02,1,364,1,failure,0
2013,31,blue-collar,single,secondary,no,609,yes,no,14,apr,18.77,1,335,1,failure,0
2015,40,management,single,tertiary,no,0,yes,no,23,feb,3.8,2,182,6,failure,1
2019,51,blue-collar,married,primary,no,42,yes,no,12,may,0.85,2,342,3,failure,0
2032,59,management,married,primary,no,1727,no,no,25,may,8.33,4,358,2,failure,1
2049,59,technician,married,primary,no,4198,no,no,14,jan,5.15,1,91,10,success,1
2050,52,blue-collar,married,primary,no,230,yes,no,6,may,3.3,2,170,2,failure,0
2055,48,technician,married,secondary,no,568,yes,no,2,sep,6.3,2,386,1,success,1
2068,47,technician,married,secondary,no,1167,yes,no,30,apr,16.13,1,87,5,failure,1
2069,38,management,single,tertiary,no,35,yes,no,17,apr,2.6,1,273,3,failure,0
2070,80,retired,married,secondary,no,8304,no,no,6,apr,11.35,1,118,11,success,0
2075,69,retired,married,tertiary,no,473,no,no,7,jul,1.87,1,78,1,failure,0
2103,39,services,married,secondary,no,1970,yes,no,8,jun,0.5,1,404,2,success,0
2104,38,self-employed,divorced,tertiary,no,1513,no,no,7,may,5.5,1,342,1,failure,0
2122,48,unemployed,married,secondary,no,817,no,no,14,jan,8.62,1,282,4,success,1
2123,41,technician,divorced,secondary,no,348,yes,no,7,may,3.75,2,275,2,failure,0
2131,35,housemaid,married,tertiary,no,1265,yes,no,15,may,5.43,5,179,4,failure,1
2151,51,blue-collar,divorced,primary,no,602,yes,no,11,may,5.78,1,284,2,failure,0
2159,33,services,married,secondary,no,386,no,no,12,nov,4.22,1,92,4,failure,1
2176,28,blue-collar,single,secondary,no,-46,yes,no,1,sep,3.32,1,92,14,success,1
2181,32,blue-collar,single,secondary,no,33,yes,no,18,may,2.08,1,368,4,failure,0
2185,40,services,married,secondary,no,1438,yes,no,6,may,3.45,1,351,2,failure,0
2188,46,admin.,single,secondary,no,1693,yes,no,25,jan,2.28,1,97,1,success,0
2212,34,management,married,tertiary,no,3301,yes,no,17,jun,8.08,2,227,4,failure,1
2213,24,student,single,secondary,no,822,no,no,27,oct,3.07,1,91,2,failure,1
2220,33,blue-collar,married,secondary,no,139,yes,yes,18,may,12.2,2,291,5,failure,1
2235,46,management,single,tertiary,no,46,no,yes,17,nov,1.33,1,152,1,failure,0
2242,34,admin.,single,secondary,no,10,no,yes,18,nov,2.7,1,173,3,failure,0
2249,49,unemployed,divorced,tertiary,no,780,no,no,8,nov,2.47,1,871,2,failure,0
2251,37,management,married,tertiary,no,238,no,no,3,feb,3.08,1,92,1,success,1
2255,36,management,single,tertiary,no,1531,yes,no,8,may,1.35,3,170,1,failure,0
2263,58,retired,married,secondary,no,502,yes,no,12,may,3.28,2,370,3,failure,0
2266,55,admin.,married,secondary,no,0,no,no,23,sep,3.0,2,238,3,success,0
2271,34,management,single,tertiary,no,171,yes,no,7,may,3.18,1,294,1,failure,0
2293,34,entrepreneur,married,secondary,no,2,yes,yes,5,may,3.07,1,167,6,failure,0
2302,28,technician,single,secondary,no,769,yes,no,15,may,2.55,1,371,2,failure,0
2306,36,technician,married,tertiary,no,6,yes,no,27,jan,1.67,1,435,1,failure,0
2318,53,admin.,married,secondary,no,225,yes,no,20,apr,5.07,1,340,1,failure,0
2335,33,admin.,single,tertiary,no,490,yes,no,7,may,0.52,1,363,2,failure,0
2345,26,services,single,secondary,no,512,yes,yes,30,jan,3.43,5,239,3,failure,0
2359,36,services,single,secondary,no,417,yes,no,6,feb,0.25,10,207,3,failure,0
2372,43,services,single,secondary,no,3403,yes,no,12,nov,11.78,2,97,2,success,1
2379,42,blue-collar,divorced,secondary,no,1491,yes,no,6,may,3.38,2,334,2,failure,0
2380,32,technician,single,secondary,no,6402,yes,no,6,may,2.63,1,167,1,success,0
2396,30,management,married,tertiary,no,877,no,no,13,aug,3.37,1,83,5,failure,0
2405,40,technician,married,secondary,no,0,yes,yes,26,jul,1.75,2,172,1,failure,0
2429,26,student,single,secondary,no,203,no,no,16,nov,1.73,1,196,1,failure,0
2430,52,technician,married,secondary,no,1818,no,yes,17,nov,3.15,2,111,4,failure,0
2431,42,unemployed,married,secondary,no,1289,no,no,15,jul,4.17,4,415,2,failure,1
2433,73,retired,married,primary,no,796,no,no,23,oct,7.12,1,182,2,failure,1
2438,39,management,married,tertiary,no,691,yes,yes,16,apr,8.62,1,255,1,failure,0
2444,35,management,married,secondary,no,724,yes,no,14,jul,4.78,2,415,1,failure,1
2446,30,blue-collar,married,secondary,no,-28,yes,no,18,may,4.73,2,371,1,failure,0
2447,46,blue-collar,married,primary,no,665,no,no,30,jan,1.48,4,235,2,failure,0
2449,36,management,married,tertiary,no,925,no,no,14,dec,5.35,3,189,4,success,1
2460,26,blue-collar,single,primary,no,155,yes,no,29,jan,4.85,1,244,4,failure,0
2474,32,management,married,tertiary,no,1667,yes,no,18,nov,2.73,2,179,3,failure,0
2478,50,admin.,divorced,secondary,no,769,no,no,28,jul,1.2,2,363,4,failure,0
2524,35,blue-collar,married,secondary,no,1257,yes,no,20,apr,1.55,3,329,7,failure,0
2529,48,management,single,tertiary,no,8106,no,no,17,nov,2.08,1,111,3,failure,0
2536,56,entrepreneur,divorced,primary,no,29,no,no,29,jan,0.87,2,227,1,failure,0
2539,44,technician,divorced,secondary,no,14,no,no,13,nov,2.78,1,92,1,success,1
2555,49,unemployed,married,tertiary,no,377,no,no,22,may,2.63,1,59,2,failure,0
2556,34,admin.,divorced,secondary,no,479,yes,no,12,may,8.58,1,350,5,failure,1
2560,44,blue-collar,married,secondary,no,1071,yes,no,11,may,2.38,3,357,1,failure,0
2563,55,admin.,married,secondary,no,865,yes,no,17,apr,1.42,1,151,1,failure,0
2583,52,technician,married,tertiary,no,2557,no,no,28,jan,2.23,5,204,2,success,1
2596,32,technician,married,secondary,no,4,no,no,4,feb,2.42,2,260,4,failure,0
2598,36,blue-collar,single,primary,no,367,no,no,2,feb,3.62,1,221,1,failure,0
2613,36,admin.,married,secondary,no,725,yes,no,27,feb,2.05,3,99,8,failure,0
2615,45,blue-collar,married,secondary,no,776,yes,no,6,feb,3.87,4,253,1,failure,0
2640,27,admin.,single,tertiary,no,3672,yes,no,15,may,2.62,2,351,5,failure,0
2653,45,blue-collar,single,secondary,no,0,yes,no,26,apr,24.53,1,192,4,failure,1
2659,59,admin.,married,secondary,no,92,yes,no,12,may,2.32,2,350,1,failure,0
2665,27,student,single,tertiary,no,3733,yes,no,22,may,3.3,1,98,6,success,1
2670,46,admin.,married,secondary,no,0,yes,yes,20,apr,3.98,2,259,2,failure,0
2673,35,self-employed,married,tertiary,no,560,yes,no,2,apr,0.97,1,136,1,failure,0
2675,29,management,single,tertiary,no,437,no,no,5,aug,8.4,1,92,1,success,1
2691,57,blue-collar,married,secondary,no,1521,yes,yes,18,may,1.7,2,178,5,failure,0
2699,37,blue-collar,married,primary,no,403,yes,no,8,may,5.3,2,338,1,success,0
2701,45,technician,divorced,secondary,no,809,yes,no,13,may,2.58,2,363,4,failure,0
2714,47,technician,divorced,tertiary,no,477,yes,no,7,may,16.22,1,366,1,failure,0
2719,32,technician,single,secondary,no,230,yes,no,18,may,7.37,1,266,8,failure,1
2728,60,admin.,married,secondary,no,-396,yes,no,11,may,7.38,1,350,1,failure,0
2745,34,management,married,tertiary,no,1657,yes,no,18,may,9.43,2,356,4,failure,0
2749,39,technician,married,secondary,no,994,no,no,5,feb,3.68,1,241,1,failure,0
2759,34,blue-collar,married,secondary,no,1221,yes,no,6,may,3.03,1,90,8,failure,0
2764,42,blue-collar,married,secondary,no,2157,yes,no,13,may,2.48,1,364,2,failure,0
2832,36,management,married,tertiary,no,1582,no,no,3,feb,0.43,2,197,1,failure,0
2846,47,blue-collar,married,primary,no,881,yes,no,14,may,2.38,1,370,2,failure,0
2847,38,technician,married,secondary,no,6728,no,no,25,nov,3.87,1,96,4,success,1
2849,40,self-employed,married,secondary,no,167,yes,yes,8,may,6.33,4,295,1,failure,0
2851,32,technician,single,tertiary,no,1625,no,no,22,may,13.27,1,109,1,failure,1
2859,23,blue-collar,single,primary,no,8627,yes,no,15,may,2.82,1,346,1,failure,0
2900,32,management,single,tertiary,no,697,no,no,7,aug,1.98,1,99,3,failure,0
2914,37,blue-collar,married,primary,no,655,yes,no,5,feb,2.12,2,258,4,failure,0
2917,41,technician,single,tertiary,no,1646,yes,no,4,feb,4.35,1,184,6,success,1
2918,29,admin.,single,tertiary,no,14,no,no,29,sep,1.45,1,120,1,failure,0
2923,39,admin.,married,secondary,no,260,yes,no,17,apr,2.43,1,281,1,failure,0
2924,49,blue-collar,married,secondary,no,2039,yes,no,6,may,7.52,1,169,2,failure,1
2949,46,blue-collar,married,primary,no,147,yes,no,6,may,1.93,2,169,3,failure,0
2951,36,technician,married,secondary,no,55,yes,no,13,may,0.63,2,369,4,failure,0
2956,35,management,married,tertiary,no,552,yes,yes,19,nov,5.23,2,124,1,failure,0
2961,32,blue-collar,married,secondary,no,1787,yes,no,12,may,1.45,4,357,4,failure,0
2968,46,blue-collar,married,secondary,no,4855,yes,no,10,aug,25.48,1,397,1,failure,0
2969,47,technician,married,tertiary,no,2408,no,no,12,aug,3.93,1,104,1,success,0
2971,37,blue-collar,married,secondary,no,346,yes,no,17,apr,6.5,1,316,1,failure,0
2977,38,entrepreneur,married,tertiary,no,1514,no,yes,21,nov,2.67,3,120,3,failure,0
2988,38,entrepreneur,single,secondary,no,2543,no,no,10,aug,3.72,1,414,4,failure,1
2990,56,blue-collar,married,primary,no,828,yes,no,14,may,3.57,1,349,1,failure,0
2992,47,housemaid,married,secondary,no,3940,yes,no,9,nov,2.85,2,96,5,success,0
3005,60,admin.,married,secondary,no,3735,no,no,22,dec,3.17,1,188,9,success,1
3007,44,blue-collar,married,secondary,no,508,yes,no,20,apr,3.7,1,154,1,failure,0
3022,37,blue-collar,married,secondary,no,342,yes,no,12,may,5.67,2,175,1,failure,0
3023,36,blue-collar,single,tertiary,no,1830,no,no,14,oct,3.05,1,91,11,failure,0
3027,40,management,married,tertiary,no,0,no,no,10,nov,2.45,1,96,8,success,1
3033,50,technician,divorced,secondary,no,-54,yes,yes,13,may,11.63,2,292,1,failure,1
3040,34,admin.,married,secondary,no,2374,yes,no,9,nov,2.68,1,209,2,failure,1
3041,32,admin.,single,secondary,no,92,yes,no,18,may,1.83,1,315,2,failure,0
3043,40,blue-collar,married,primary,no,1397,yes,no,12,may,0.97,2,334,1,failure,0
3058,38,technician,married,secondary,no,4030,yes,no,19,nov,1.25,2,177,5,failure,0
3060,52,admin.,married,secondary,no,0,no,no,22,apr,1.52,2,275,1,failure,0
3064,43,management,single,tertiary,no,1696,yes,no,26,aug,4.28,1,474,3,failure,1
3071,34,technician,single,secondary,no,347,yes,no,6,feb,2.57,2,197,6,failure,0
3088,31,technician,single,secondary,no,2544,no,no,15,jul,4.2,1,184,3,success,1
3092,46,management,married,tertiary,no,523,yes,no,6,may,1.75,4,366,2,failure,0
3094,56,retired,married,secondary,no,3948,no,no,3,apr,8.07,1,135,3,failure,0
3100,66,retired,married,primary,no,747,no,no,28,jan,3.38,3,93,1,failure,0
3115,39,self-employed,married,tertiary,no,585,yes,no,18,nov,0.8,1,181,3,failure,0
3119,28,technician,married,secondary,no,232,yes,yes,29,jan,1.2,1,261,1,failure,0
3132,53,self-employed,married,tertiary,no,451,yes,no,2,feb,2.08,1,249,2,failure,0
3141,32,admin.,single,secondary,no,678,yes,no,4,feb,26.32,1,246,4,failure,1
3145,45,technician,divorced,secondary,no,976,yes,no,17,apr,3.05,1,338,2,failure,0
3157,75,blue-collar,married,secondary,no,6053,no,no,11,feb,14.42,2,190,1,failure,0
3159,35,admin.,married,secondary,no,725,yes,no,20,nov,3.65,7,133,1,failure,0
3172,55,management,divorced,tertiary,no,481,yes,no,8,may,2.45,2,298,3,failure,0
3176,28,admin.,single,secondary,no,4745,no,no,12,may,6.0,1,181,5,success,1
3202,79,retired,married,primary,no,8556,no,no,18,jan,5.43,2,272,2,success,1
3205,77,retired,married,primary,no,680,no,no,27,nov,5.68,4,94,3,failure,0
3235,32,blue-collar,single,secondary,no,53,yes,no,18,nov,4.6,1,195,1,failure,0
3239,52,blue-collar,married,secondary,no,2087,yes,no,31,aug,4.45,1,474,1,failure,1
3243,27,management,single,tertiary,no,390,no,no,28,oct,3.17,1,82,1,success,0
3250,54,technician,married,tertiary,no,876,no,no,27,oct,4.48,3,541,3,success,1
3256,36,management,married,tertiary,no,495,no,no,12,mar,3.55,3,182,6,success,1
3263,35,management,married,tertiary,no,24,yes,no,8,apr,2.82,1,231,2,failure,0
3270,35,blue-collar,married,secondary,no,262,no,no,2,jul,1.6,2,109,4,success,0
3278,59,entrepreneur,married,primary,no,0,no,no,19,nov,3.45,2,153,1,failure,0
3281,33,technician,single,secondary,no,1279,yes,no,18,may,3.98,2,349,3,success,0
3295,32,technician,divorced,secondary,no,202,yes,no,4,feb,7.15,1,201,1,failure,0
3299,38,management,single,tertiary,no,427,yes,no,6,may,0.28,3,169,2,failure,0
3304,64,retired,married,tertiary,no,846,no,no,11,feb,11.18,1,181,3,failure,1
3314,35,self-employed,married,tertiary,no,980,no,no,2,aug,7.13,2,336,6,failure,0
3315,33,admin.,married,tertiary,no,79,yes,no,22,oct,4.15,2,335,2,failure,1
3317,25,management,single,tertiary,no,808,no,no,18,sep,4.45,2,114,2,failure,1
3335,29,blue-collar,married,secondary,no,228,yes,no,11,may,0.2,8,342,9,failure,0
3343,40,services,married,secondary,no,-378,yes,yes,13,may,9.02,1,295,6,failure,0
3346,55,admin.,married,secondary,no,865,yes,no,27,oct,1.6,1,111,3,failure,0
3350,31,admin.,married,secondary,no,389,yes,no,7,dec,1.15,1,185,2,failure,0
3365,34,entrepreneur,married,secondary,no,1847,yes,no,9,apr,9.05,3,321,6,failure,0
3368,57,services,divorced,secondary,no,4664,no,no,21,nov,0.37,4,114,1,failure,0
3370,31,student,single,tertiary,no,64,no,no,15,sep,3.47,1,105,2,success,0
3371,49,unemployed,married,tertiary,no,-471,yes,no,20,nov,1.28,3,185,7,failure,0
3408,38,management,single,tertiary,no,8669,yes,no,20,apr,0.08,3,150,6,failure,0
3412,45,admin.,married,secondary,no,72,yes,yes,15,may,4.37,2,352,2,failure,0
3429,41,blue-collar,married,primary,no,7735,yes,no,20,nov,3.67,1,190,1,failure,0
3434,29,management,single,tertiary,no,21,yes,no,14,may,1.78,4,371,3,failure,0
3446,38,services,married,secondary,no,8876,no,no,2,feb,4.67,1,75,1,failure,0
3462,34,blue-collar,married,secondary,no,360,yes,no,19,nov,0.77,1,182,2,failure,0
3471,46,blue-collar,married,primary,no,1291,yes,no,14,may,2.37,3,259,17,failure,0
3481,40,unemployed,married,secondary,no,0,yes,no,19,nov,5.53,1,183,1,failure,0
3484,30,management,married,secondary,no,-559,yes,yes,7,may,1.63,1,167,2,failure,0
3493,36,management,single,tertiary,no,-679,yes,yes,7,may,2.87,1,93,1,failure,0
3498,58,services,divorced,secondary,no,462,no,no,13,nov,8.25,1,93,1,success,1
3518,39,self-employed,married,secondary,no,31,yes,no,20,nov,1.02,2,181,4,failure,0
3519,54,technician,married,secondary,no,0,no,no,14,aug,2.65,2,106,6,success,0
3520,32,management,single,tertiary,no,347,yes,no,18,may,3.55,1,264,6,failure,0
3527,33,services,divorced,secondary,no,2411,yes,no,23,oct,2.17,1,161,1,failure,1
3534,47,admin.,single,secondary,no,1544,yes,no,6,apr,1.73,1,312,1,failure,0
3543,39,technician,married,secondary,no,6,yes,no,18,may,2.03,3,357,4,failure,0
3548,39,admin.,married,secondary,no,-650,no,no,15,may,2.05,2,364,1,failure,0
3574,34,housemaid,married,tertiary,no,0,no,no,26,may,2.35,1,188,1,failure,0
3584,46,blue-collar,married,secondary,no,-1400,yes,no,6,may,5.15,3,355,4,failure,0
3586,43,blue-collar,married,secondary,no,2160,no,no,8,sep,4.35,1,98,1,success,1
3593,42,blue-collar,single,primary,no,1628,yes,no,5,feb,1.98,1,195,8,success,0
3607,70,retired,married,secondary,no,1164,no,no,14,may,5.63,3,185,2,failure,0
3624,50,self-employed,married,tertiary,no,202,yes,no,15,apr,1.78,1,148,4,failure,0
3633,36,technician,married,tertiary,no,629,yes,yes,29,dec,1.82,1,246,1,failure,0
3641,27,student,single,secondary,no,268,yes,no,13,may,8.8,1,358,2,failure,0
3644,58,admin.,single,secondary,no,2223,no,no,4,dec,18.98,2,114,1,success,0
3654,30,management,single,tertiary,no,2,no,no,16,jun,1.7,1,85,1,failure,0
3665,26,services,single,secondary,no,5533,yes,no,7,may,9.7,2,283,4,failure,0
3669,42,admin.,single,secondary,no,30,yes,no,4,feb,1.63,1,266,3,failure,0
3674,39,management,single,tertiary,no,0,yes,no,12,may,9.35,4,369,3,failure,0
3682,43,management,divorced,tertiary,no,497,no,no,13,may,1.1,1,363,22,failure,0
3684,30,admin.,single,tertiary,no,305,no,no,30,apr,10.55,1,85,2,success,1
3689,29,technician,married,tertiary,no,858,yes,no,12,jun,3.9,7,330,1,failure,0
3690,80,housemaid,married,primary,no,0,no,no,23,feb,10.65,1,189,1,failure,1
3695,31,management,married,tertiary,no,1331,no,no,30,apr,4.95,1,86,3,success,1
3697,57,admin.,divorced,primary,no,179,yes,no,15,may,1.12,1,368,2,failure,0
3703,42,blue-collar,married,primary,no,-97,yes,no,3,feb,3.6,4,271,5,failure,0
3714,35,management,divorced,tertiary,no,434,yes,no,11,may,4.62,1,271,2,success,0
3724,37,housemaid,divorced,secondary,no,1040,yes,no,13,may,3.32,1,173,2,failure,0
3731,52,retired,married,secondary,no,424,no,no,19,nov,2.38,1,154,3,failure,0
3746,50,management,married,tertiary,no,-470,yes,no,19,nov,2.17,2,160,1,failure,0
3751,39,technician,married,secondary,no,116,no,no,24,aug,1.32,2,94,2,success,0
3756,42,services,married,secondary,no,96,yes,no,5,may,3.97,3,340,2,failure,0
3765,55,technician,divorced,secondary,no,3450,no,no,10,feb,2.82,1,183,1,failure,1
3775,41,management,divorced,tertiary,no,3355,no,no,14,oct,3.02,2,500,1,failure,0
3799,31,blue-collar,married,secondary,no,1664,yes,no,20,apr,2.63,1,182,1,success,0
3815,31,management,married,tertiary,no,623,yes,no,13,may,1.6,2,349,5,failure,0
3816,32,admin.,married,secondary,no,3540,yes,no,18,may,3.55,1,178,1,failure,0
3831,34,management,single,tertiary,no,8038,yes,no,20,apr,0.48,3,152,1,failure,0
3834,36,self-employed,married,secondary,no,189,yes,no,19,nov,2.27,1,120,1,failure,0
3835,29,housemaid,single,tertiary,no,19,no,no,5,feb,1.83,2,64,2,success,1
3844,39,admin.,married,secondary,no,607,yes,no,12,may,7.57,2,364,3,failure,1
3848,26,management,single,tertiary,no,1274,yes,no,1,jun,3.17,1,84,1,failure,0
3850,51,blue-collar,married,primary,no,377,yes,no,3,feb,2.38,4,272,1,failure,0
3869,36,management,divorced,tertiary,no,649,no,no,16,jul,3.95,2,91,1,failure,0
3874,26,student,single,tertiary,no,294,no,no,5,mar,1.45,1,91,2,success,1
3883,57,admin.,married,secondary,no,169,no,no,14,aug,3.0,1,106,2,failure,0
3884,36,self-employed,married,tertiary,no,506,no,no,25,aug,0.78,1,120,1,failure,0
3890,31,services,divorced,primary,no,459,yes,no,7,may,10.38,1,293,1,success,1
3896,36,blue-collar,married,primary,no,1177,no,no,15,apr,5.5,1,311,4,success,1
3922,48,blue-collar,married,secondary,no,1143,yes,no,17,apr,4.4,1,317,1,failure,0
3923,57,retired,married,primary,no,-464,yes,no,4,feb,1.25,1,190,6,failure,0
3931,47,admin.,married,secondary,no,3676,no,no,18,oct,9.45,1,95,3,success,1
3951,50,technician,single,secondary,no,246,yes,no,17,nov,4.5,1,123,2,failure,0
3952,44,blue-collar,married,primary,no,887,yes,no,12,may,2.75,2,363,1,failure,0
3972,50,self-employed,married,secondary,no,2061,yes,yes,29,jan,3.28,2,244,3,failure,0
3978,66,retired,married,tertiary,no,1948,no,no,28,jan,3.6,1,91,4,success,1
3981,43,blue-collar,single,secondary,no,24,no,no,12,may,1.13,1,363,1,failure,0
3985,43,blue-collar,married,primary,no,188,yes,no,12,may,0.97,3,347,5,failure,0
3998,44,management,married,tertiary,no,724,yes,no,17,nov,2.62,2,172,1,failure,0
4000,53,admin.,divorced,secondary,no,26,yes,no,7,may,0.93,1,359,1,failure,0
4005,55,blue-collar,married,primary,no,1086,yes,no,6,may,2.43,1,272,2,failure,0
4009,38,housemaid,divorced,secondary,no,70,no,no,27,oct,4.25,3,148,1,success,1
4019,43,technician,married,secondary,no,0,yes,yes,4,feb,8.98,8,204,5,failure,0
4030,38,blue-collar,divorced,secondary,no,0,yes,no,11,may,9.67,1,173,1,failure,0
4036,40,technician,married,secondary,no,4441,yes,no,20,nov,2.55,2,183,2,failure,0
4042,30,technician,single,tertiary,no,1185,yes,no,30,apr,4.73,1,339,1,failure,0
4044,32,blue-collar,married,secondary,no,2,yes,no,15,may,0.27,9,309,1,failure,0
4049,40,services,married,secondary,no,9374,yes,no,21,nov,0.12,8,185,1,failure,0
4054,28,technician,single,secondary,no,1532,no,no,22,may,4.22,1,107,5,failure,0
4065,70,retired,married,secondary,no,616,no,no,27,apr,2.48,2,182,1,failure,0
4066,36,services,married,secondary,no,3064,yes,no,26,aug,4.0,3,107,4,failure,0
4070,31,services,single,secondary,no,481,yes,no,20,nov,1.77,2,183,2,failure,0
4073,51,management,married,tertiary,no,176,yes,yes,1,jun,0.13,1,687,2,failure,0
4076,53,blue-collar,married,primary,no,53,yes,no,7,apr,3.47,1,140,1,failure,0
4080,40,blue-collar,married,primary,no,2805,yes,no,14,may,2.88,6,353,23,failure,0
4083,51,management,married,tertiary,no,1612,no,no,16,mar,6.4,1,182,5,failure,0
4093,69,retired,single,tertiary,no,2144,no,no,29,jul,6.95,1,184,4,success,1
4096,26,entrepreneur,married,tertiary,no,37,yes,yes,6,may,3.45,1,363,2,failure,0
4100,34,management,married,tertiary,no,436,yes,no,17,apr,0.47,1,345,1,failure,0
4126,33,services,single,secondary,no,358,yes,no,7,may,5.03,1,356,3,failure,0
4141,37,management,married,tertiary,no,0,no,no,11,mar,2.15,4,107,2,failure,0
4150,33,technician,married,tertiary,no,8023,no,no,25,feb,3.27,1,87,4,failure,0
4159,53,unemployed,married,secondary,no,94,no,no,10,aug,8.22,1,181,14,success,1
4160,57,retired,married,secondary,no,1044,no,no,11,jan,9.75,1,192,2,success,1
4169,35,services,divorced,secondary,no,221,yes,no,14,may,2.5,1,360,1,failure,0
4186,52,technician,married,tertiary,no,0,no,no,9,aug,2.42,3,94,4,success,0
4191,31,management,single,tertiary,no,1130,yes,no,17,apr,3.73,3,74,4,failure,0
4196,48,blue-collar,married,secondary,no,480,yes,no,15,may,13.83,1,352,2,failure,1
4201,36,unemployed,married,secondary,no,-872,yes,yes,20,nov,2.55,1,183,1,failure,0
4202,37,blue-collar,divorced,secondary,no,33,yes,no,20,nov,1.77,2,167,1,failure,0
4206,40,student,married,secondary,no,260,no,no,19,nov,0.87,1,152,6,failure,0
4207,57,technician,married,secondary,no,589,yes,no,2,feb,3.72,1,76,4,failure,0
4213,30,technician,single,secondary,no,-522,yes,yes,5,may,11.17,2,286,6,failure,1
4215,37,unemployed,married,secondary,no,1978,no,no,9,sep,6.73,1,182,1,success,1
4216,53,admin.,married,secondary,no,459,no,no,14,oct,5.28,6,192,1,success,0
4229,62,self-employed,divorced,tertiary,no,6,yes,no,13,oct,3.6,1,183,4,success,1
4232,38,technician,single,secondary,no,-242,yes,no,18,may,19.55,3,278,6,success,1
4251,33,management,single,tertiary,no,201,yes,no,19,nov,2.85,1,183,1,failure,0
4261,58,retired,married,secondary,no,3382,no,yes,28,may,4.9,2,309,2,failure,0
4272,50,technician,married,tertiary,no,199,yes,yes,3,feb,1.93,2,253,1,failure,0
4276,35,admin.,married,secondary,no,147,yes,yes,29,jan,0.68,1,184,7,failure,0
4281,52,management,married,secondary,no,335,no,no,21,oct,6.85,1,182,1,failure,1
4284,54,self-employed,married,secondary,no,641,yes,no,17,apr,7.87,1,148,2,failure,0
4290,40,services,married,tertiary,no,35,no,no,3,jul,5.3,4,317,3,failure,0
4309,40,services,single,secondary,no,1547,yes,no,12,may,1.47,2,173,1,success,0
4312,30,services,single,secondary,no,20,yes,no,20,apr,6.73,6,340,1,failure,0
4314,31,technician,single,secondary,no,1626,no,no,7,may,5.93,2,286,3,failure,0
4319,70,retired,divorced,secondary,no,6850,no,no,5,mar,4.2,3,183,1,failure,0
4323,83,retired,divorced,primary,no,0,no,no,31,may,11.07,1,77,3,success,0
4324,50,management,divorced,tertiary,no,100,yes,yes,13,may,2.62,1,299,3,failure,0
4343,51,blue-collar,married,primary,no,40,yes,no,13,may,1.32,1,370,1,failure,0
4347,32,admin.,married,secondary,no,0,yes,yes,17,nov,2.65,2,195,2,failure,0
4372,30,technician,single,secondary,no,4787,yes,no,18,nov,4.43,1,167,2,failure,0
4387,31,blue-collar,married,secondary,no,3653,yes,yes,21,nov,4.2,1,168,4,failure,0
4396,41,retired,single,primary,no,0,no,no,8,may,3.98,1,368,2,failure,0
4397,35,blue-collar,married,secondary,no,305,yes,no,18,may,0.12,7,367,25,failure,0
4413,65,retired,married,primary,no,493,no,no,16,oct,10.37,1,182,1,failure,0
4420,45,technician,married,secondary,no,999,yes,no,20,nov,3.58,6,188,2,failure,0
4423,45,management,single,tertiary,no,2048,yes,no,18,oct,5.17,1,804,1,failure,1
4433,40,management,married,tertiary,no,-17,yes,yes,11,may,7.9,1,256,1,success,1
4434,35,technician,single,secondary,no,175,yes,no,29,jan,3.65,1,246,1,failure,0
4435,31,technician,single,secondary,no,4888,yes,no,5,may,7.92,4,166,2,failure,0
4453,35,blue-collar,married,secondary,no,5304,yes,no,20,nov,5.67,1,183,2,failure,0
4456,37,management,married,primary,no,3953,yes,no,6,apr,10.17,2,138,1,failure,0
4458,29,management,single,tertiary,no,572,no,no,16,dec,5.23,1,195,1,success,1
4459,31,admin.,single,secondary,no,223,yes,no,17,apr,8.47,1,315,11,success,0
4463,33,technician,single,secondary,no,920,yes,no,21,nov,0.97,1,122,4,failure,0
4473,33,technician,married,secondary,no,4790,yes,no,20,apr,2.28,1,272,2,failure,0
4485,53,blue-collar,married,primary,no,238,yes,no,11,may,3.97,2,361,5,failure,0
4489,45,management,married,tertiary,no,6945,no,no,5,aug,2.18,5,356,3,failure,0
4492,32,technician,single,secondary,no,309,yes,yes,16,apr,5.77,1,234,3,failure,0
4504,42,blue-collar,single,secondary,no,1080,yes,yes,13,may,15.85,3,370,4,failure,1
4514,38,blue-collar,married,secondary,no,1205,yes,no,20,apr,0.75,4,153,1,failure,0
